Reference, Quantity, Value, Footprint, Datasheet, LCSC Part
C38 C40 C41 ,3,"22n","stdpads:C_0603","~","C21122"
C39 ,1,"1n","stdpads:C_0603","~","C1588"
C8 C10 C11 C1 C7 C36 C37 C5 C6 C2 C3 C4 ,12,"10u","stdpads:C_0805","~","C15850"
C9 C31 C30 C44 C43 C42 C35 C34 C33 C32 C26 C28 C27 C25 C24 C18 C23 C22 C21 C20 C19 C16 C15 C14 C13 C12 C29 ,27,"2u2","stdpads:C_0603","~","C23630"
D2 ,1,"SMBJ5.0A","stdpads:D_SMB","~","C110528"
D3 D1 ,2,"SS34","stdpads:D_SMA","~","C8678"
F1 ,1,"nSMD050-16V","stdpads:BelFuse_1206","~","C70075"
FB1 ,1,"GZ2012D101TF","stdpads:Murata_BLM21","~","C1015"
FID5 FID4 FID3 FID2 FID1 ,5,"Fiducial","stdpads:Fiducial","~"
H1 ,1," ","stdpads:PasteHole_1.1mm_PTH","~"
H6 H2 H3 H4 H5 ,5," ","stdpads:PasteHole_1.152mm_NPTH","~"
J1 ,1,"AppleIIBus","stdpads:AppleIIBus_Edge","~"
J2 J5 ,2,"JTAG","Connector:Tag-Connect_TC2050-IDC-FP_2x05_P1.27mm_Vertical","~"
J3 ,1,"DC in","stdpads:BOOMELE_DC-005_DC_5.5-2.0MM","~"
J4 ,1,"JTAG","Connector_IDC:IDC-Header_2x05_P2.54mm_Vertical","~"
Q1 ,1,"AO3401A","stdpads:SOT-23","http://www.aosmd.com/pdfs/datasheet/AO3401A.pdf","C15127"
R10 R16 R2 R15 R4 ,5,"2k2","stdpads:R_0603","~","C4190"
R11 ,1,"330","stdpads:R_0603","~","C23138"
R12 ,1,"1k","stdpads:R_0805","~","C17513"
R13 ,1,"DNP","stdpads:R_0805","~"
R18 R28 R29 ,3,"22k","stdpads:R_0603","~","C31850"
R20 R21 R23 R24 R25 R26 R1 R22 R27 R31 ,10,"33","stdpads:R_0603","~","C23140"
R3 ,1,"2k7","stdpads:R_0603","~","C13167"
R6 R14 R19 R17 ,4,"1k","stdpads:R_0603","~","C21190"
R7 ,1,"820","stdpads:R_0603","~","C23253"
R8 R5 R30 ,3,"1M","stdpads:R_0603","~","C22935"
R9 ,1,"1k2","stdpads:R_0603","~","C22765"
RN2 RN3 RN1 ,3,"4x33","stdpads:R4_0402","~","C25501"
RN4 RN5 ,2,"4x10k","stdpads:R4_0402","~","C25725"
U1 ,1,"EPM240T100C5N","stdpads:TQFP-100_14x14mm_P0.5mm","https://www.altera.com/content/dam/altera-www/global/en_US/pdfs/literature/hb/max2/max2_mii5v1.pdf","C10041"
U13 ,1,"25M","stdpads:Crystal_SMD_3225-4Pin_3.2x2.5mm","","C669088"
U16 U11 U12 U15 U17 U18 U19 U20 U14 U22 ,10,"74LVC1G125GW","stdpads:SOT-353","","C12519"
U2 ,1,"W9825","stdpads:TSOP-II-54_22.2x10.16mm_P0.8mm","","C62246"
U3 ,1,"W25Q128JVSIQ","stdpads:SOIC-8_5.3mm","","C97521"
U5 U6 U9 U4 ,4,"74AHC245PW","stdpads:TSSOP-20_4.4x6.5mm_P0.65mm","","C5516"
U7 U10 ,2,"LM393D","stdpads:SOIC-8_3.9mm","http://www.ti.com/lit/ds/symlink/lm393-n.pdf","C7955"
U8 ,1,"XC6206P332MR","stdpads:SOT-23","","C5446"